id,lat,lon,type,name,snap_id
366440881,10.7926816,106.6958961,network_grid,,366440881
367527081,10.7914361,106.7061235,network_grid,,367527081
411917818,10.7936866,106.6902628,network_grid,,411917818
411917819,10.7935629,106.689543,network_grid,,411917819
411917825,10.7922967,106.6880823,network_grid,,411917825
411917828,10.792747,106.6877181,network_grid,,411917828
411917836,10.7706473,106.7045345,network_grid,,411917836
411917837,10.770821,106.7012188,network_grid,,411917837
411917839,10.7711389,106.701082,network_grid,,411917839
411917880,10.7730152,106.7050529,network_grid,,411917880
411917881,10.7727751,106.7048194,network_grid,,411917881
411917924,10.7902719,106.6943047,network_grid,,411917924
411918191,10.7635026,106.6905496,network_grid,,411918191
411918236,10.7595027,106.6840512,network_grid,,411918236
411918272,10.7858296,106.7008703,network_grid,,411918272
411918348,10.7670484,106.6960346,network_grid,,411918348
411918485,10.7902953,106.7008725,network_grid,,411918485
411918486,10.7907263,106.7012589,network_grid,,411918486
411918498,10.7912691,106.6997163,network_grid,,411918498
411918499,10.7917269,106.700172,network_grid,,411918499
411918502,10.7902947,106.6982805,network_grid,,411918502
411918504,10.7908494,106.695848,network_grid,,411918504
411918572,10.7896217,106.7045046,network_grid,,411918572
411918577,10.7786557,106.7053153,network_grid,,411918577
411918626,10.777232,106.704781,network_grid,,411918626
411918627,10.777634,106.7043473,network_grid,,411918627
411918668,10.761662,106.6896603,network_grid,,411918668
411918706,10.7736195,106.6895211,network_grid,,411918706
411918711,10.7943813,106.6909982,network_grid,,411918711
411918713,10.7942402,106.6901834,network_grid,,411918713
411918767,10.7796124,106.6988256,network_grid,,411918767
411918773,10.7803507,106.6988748,network_grid,,411918773
411918777,10.7906751,106.6953456,network_grid,,411918777
411918789,10.7755731,106.7067032,network_grid,,411918789
411918792,10.7749437,106.7066578,network_grid,,411918792
411918796,10.7748235,106.7062362,network_grid,,411918796
411918803,10.7756531,106.7060822,network_grid,,411918803
411918805,10.7757948,106.7063124,network_grid,,411918805
411918807,10.7941167,106.6894447,network_grid,,411918807
411918810,10.774986,106.7060302,network_grid,,411918810
411918812,10.775332,106.7059333,network_grid,,411918812
411918830,10.775818,106.697075,network_grid,,411918830
411918850,10.7777077,106.6970183,network_grid,,411918850
411918853,10.7875402,106.6947379,network_grid,,411918853
411918854,10.7787142,106.6959275,network_grid,,411918854
411918860,10.7710773,106.7024222,network_grid,,411918860
411918862,10.7706933,106.7035181,network_grid,,411918862
411918863,10.7707369,106.7025753,network_grid,,411918863
411918866,10.7796409,106.6968156,network_grid,,411918866
411918867,10.7710294,106.7033721,network_grid,,411918867
411918880,10.792386,106.703228,network_grid,,411918880
411918883,10.7928013,106.7000799,network_grid,,411918883
411918885,10.792636,106.7019957,network_grid,,411918885
411918892,10.7927117,106.7016166,network_grid,,411918892
411918897,10.75738,106.6892927,network_grid,,411918897
411918908,10.7586246,106.688165,network_grid,,411918908
411918911,10.7879778,106.6991234,network_grid,,411918911
411918912,10.7864515,106.6976719,network_grid,,411918912
411918913,10.7889195,106.6980433,network_grid,,411918913
411918914,10.7898831,106.6970284,network_grid,,411918914
411918916,10.7894041,106.6975233,network_grid,,411918916
411918926,10.7709517,106.69163,network_grid,,411918926
411919033,10.7736186,106.6944794,network_grid,,411919033
411919045,10.7772268,106.7057341,network_grid,,411919045
411919051,10.7926151,106.6973503,network_grid,,411919051
411919062,10.7695606,106.6926934,network_grid,,411919062
411919133,10.7857313,106.7088516,network_grid,,411919133
411919178,10.7868392,106.7092743,network_grid,,411919178
411919179,10.7694201,106.6999243,network_grid,,411919179
411919193,10.7768018,106.6999227,network_grid,,411919193
411919215,10.7756638,106.7004291,network_grid,,411919215
411919278,10.7899274,106.6979911,network_grid,,411919278
411919306,10.777776,106.6988723,network_grid,,411919306
411919358,10.7731147,106.7000909,network_grid,,411919358
411919362,10.7720017,106.6989792,network_grid,,411919362
411919364,10.7900598,106.6904811,network_grid,,411919364
411919375,10.7892199,106.6954145,network_grid,,411919375
411919405,10.7741609,106.7010766,network_grid,,411919405
411919456,10.7673525,106.6958543,network_grid,,411919456
411919545,10.7752637,106.7039506,network_grid,,411919545
411919580,10.7749051,106.7043426,network_grid,,411919580
411919664,10.7952436,106.6892335,network_grid,,411919664
411919667,10.7954343,106.6908062,network_grid,,411919667
411919688,10.7953863,106.6899783,network_grid,,411919688
411919795,10.7934094,106.6866379,network_grid,,411919795
411919797,10.792915,106.6867744,network_grid,,411919797
411919798,10.7924447,106.6865338,network_grid,,411919798
411919995,10.793763,106.6868913,network_grid,,411919995
411920001,10.7952656,106.6863289,network_grid,,411920001
411920048,10.7947733,106.6882349,network_grid,,411920048
411920094,10.7931719,106.6985922,network_grid,,411920094
411920374,10.756651,106.687039,network_grid,,411920374
411920449,10.7653674,106.6867017,network_grid,,411920449
411920518,10.7643747,106.688687,network_grid,,411920518
411920646,10.7595125,106.68894,network_grid,,411920646
411920722,10.7598173,106.6902808,network_grid,,411920722
411920788,10.7604348,106.6853651,network_grid,,411920788
411920988,10.7589977,106.6907502,network_grid,,411920988
411921228,10.7621729,106.6915474,network_grid,,411921228
411921260,10.7680186,106.6866424,network_grid,,411921260
411921324,10.7654926,106.6947416,network_grid,,411921324
411921399,10.7598926,106.6849829,network_grid,,411921399
411921451,10.7931572,106.693581,network_grid,,411921451
411921464,10.7936646,106.6935144,network_grid,,411921464
411921534,10.7803853,106.7032908,network_grid,,411921534
411921650,10.794554,106.6919033,network_grid,,411921650
411921783,10.7909894,106.6950133,network_grid,,411921783
411922074,10.7680353,106.6889456,network_grid,,411922074
411922322,10.7892495,106.6911242,network_grid,,411922322
411922370,10.7647224,106.6874957,network_grid,,411922370
411922587,10.7610717,106.6925614,network_grid,,411922587
411922606,10.7706637,106.6895739,network_grid,,411922606
411923139,10.7918269,106.7027569,network_grid,,411923139
411923141,10.7878944,106.7028609,network_grid,,411923141
411923334,10.7702317,106.6917072,network_grid,,411923334
411923335,10.7654827,106.6940985,network_grid,,411923335
411923460,10.7602252,106.6927179,network_grid,,411923460
411923503,10.7647151,106.6946318,network_grid,,411923503
411923507,10.7658821,106.6967128,network_grid,,411923507
411923562,10.7918788,106.7033378,network_grid,,411923562
411923564,10.792299,106.703645,network_grid,,411923564
411923565,10.7917082,106.7032629,network_grid,,411923565
411923566,10.7920395,106.7045613,network_grid,,411923566
411923567,10.7916328,106.7044385,network_grid,,411923567
411923568,10.7915198,106.704315,network_grid,,411923568
411923569,10.7912312,106.7041807,network_grid,,411923569
411923570,10.7918659,106.7050526,network_grid,,411923570
411923584,10.7925104,106.7014351,network_grid,,411923584
411923589,10.7900597,106.7010996,network_grid,,411923589
411923629,10.7895785,106.6913984,network_grid,,411923629
411923755,10.7648639,106.6883082,network_grid,,411923755
411924158,10.7691351,106.6871325,network_grid,,411924158
411924866,10.77135,106.6915395,network_grid,,411924866
411924900,10.7597381,106.6847069,network_grid,,411924900
411925037,10.7641723,106.6961338,network_grid,,411925037
411925045,10.766033,106.6945641,network_grid,,411925045
411925046,10.7661564,106.6949677,network_grid,,411925046
411925089,10.7655737,106.6956108,network_grid,,411925089
411925290,10.7935503,106.6870752,network_grid,,411925290
411925307,10.7720824,106.6923274,network_grid,,411925307
411925309,10.7911731,106.693844,network_grid,,411925309
411925400,10.7939515,106.6883853,network_grid,,411925400
411925415,10.7909776,106.69301,network_grid,,411925415
411925417,10.7914841,106.6935069,network_grid,,411925417
411925425,10.789409,106.6909832,network_grid,,411925425
411925428,10.7906481,106.6933582,network_grid,,411925428
411925445,10.7680964,106.7007414,network_grid,,411925445
411925599,10.7669467,106.6994133,network_grid,,411925599
411925603,10.7680176,106.6984201,network_grid,,411925603
411925607,10.768921,106.6976004,network_grid,,411925607
411925891,10.7900834,106.6991415,network_grid,,411925891
411925893,10.7891062,106.7001939,network_grid,,411925893
411925901,10.791062,106.6911349,network_grid,,411925901
411925934,10.7781081,106.7047964,network_grid,,411925934
411925935,10.784656,106.6978569,network_grid,,411925935
411925936,10.7855174,106.6986683,network_grid,,411925936
411925937,10.7736801,106.7056516,network_grid,,411925937
411925939,10.7783352,106.7045538,network_grid,,411925939
411925940,10.7788759,106.7050579,network_grid,,411925940
411925945,10.7818313,106.7045966,network_grid,,411925945
411925950,10.7872537,106.7050041,network_grid,,411925950
411925954,10.7826605,106.7017473,network_grid,,411925954
411925956,10.7813583,106.7053602,network_grid,,411925956
411925958,10.7779066,106.7061554,snap_poi,Bảo tàng Tôn Đức Thắng,411925958
411925962,10.7761461,106.7055219,network_grid,,411925962
411925963,10.7918359,106.6958631,network_grid,,411925963
411925967,10.7897832,106.6938219,network_grid,,411925967
411925979,10.7894816,106.6966359,network_grid,,411925979
411925981,10.7915737,106.6986819,network_grid,,411925981
411925982,10.7903362,106.6965272,network_grid,,411925982
411925984,10.7904945,106.7015127,network_grid,,411925984
411925985,10.7886056,106.7035437,network_grid,,411925985
411925987,10.78457,106.6996774,network_grid,,411925987
411925988,10.7885752,106.6977273,network_grid,,411925988
411925989,10.7926663,106.6967184,network_grid,,411925989
411925992,10.7890472,106.6972026,network_grid,,411925992
411925996,10.7911563,106.6966416,network_grid,,411925996
411926001,10.7737053,106.6994435,network_grid,,411926001
411926010,10.775427,106.7048401,network_grid,,411926010
411926012,10.7928217,106.6912726,network_grid,,411926012
411926019,10.7919098,106.6914925,network_grid,,411926019
411926021,10.7917238,106.6932665,network_grid,,411926021
411926022,10.7905308,106.692228,network_grid,,411926022
411926028,10.791466,106.7004476,network_grid,,411926028
411926029,10.7905173,106.6945471,network_grid,,411926029
411926034,10.7823516,106.7004492,network_grid,,411926034
411926037,10.7816326,106.7055963,network_grid,,411926037
411926038,10.7810366,106.7064292,network_grid,,411926038
411926043,10.7805129,106.7069926,network_grid,,411926043
411926055,10.772146,106.6944476,network_grid,,411926055
411926058,10.7729591,106.6935515,network_grid,,411926058
411926065,10.7748182,106.6961505,network_grid,,411926065
411926068,10.7704049,106.7009907,network_grid,,411926068
411926069,10.7704406,106.6993107,network_grid,,411926069
411926070,10.7721929,106.6975561,network_grid,,411926070
411926072,10.7587531,106.6924052,network_grid,,411926072
411926092,10.7542086,106.6871211,network_grid,,411926092
411926098,10.7673972,106.688504,network_grid,,411926098
411926106,10.7650042,106.6875984,network_grid,,411926106
411926140,10.7916682,106.6898524,network_grid,,411926140
411926153,10.7732753,106.7031739,network_grid,,411926153
411926157,10.7772405,106.7018045,network_grid,,411926157
411926158,10.773838,106.7036705,network_grid,,411926158
411926174,10.7682965,106.6968883,network_grid,,411926174
411926178,10.7823083,106.7040685,network_grid,,411926178
411926179,10.7623653,106.6940365,network_grid,,411926179
411926193,10.763365,106.6870194,network_grid,,411926193
411926196,10.7728438,106.702606,network_grid,,411926196
411926197,10.7723028,106.7018947,network_grid,,411926197
411926201,10.7791894,106.7001527,network_grid,,411926201
411926202,10.793059,106.6896267,network_grid,,411926202
411926209,10.7635148,106.6931694,network_grid,,411926209
411926221,10.7690648,106.7041995,network_grid,,411926221
411926232,10.7925414,106.6897163,network_grid,,411926232
411926237,10.7931702,106.6873607,network_grid,,411926237
411926238,10.7936875,106.6869566,network_grid,,411926238
411926241,10.7913566,106.6880247,network_grid,,411926241
411926243,10.7696265,106.7030192,network_grid,,411926243
411926245,10.7699703,106.7038154,network_grid,,411926245
411926247,10.7691427,106.7019437,network_grid,,411926247
411926265,10.7899509,106.6961459,network_grid,,411926265
411926271,10.7700336,106.6861222,network_grid,,411926271
411926369,10.7670008,106.6959402,network_grid,,411926369
411926370,10.7677437,106.6971334,network_grid,,411926370
411926372,10.7916675,106.6919592,network_grid,,411926372
411926373,10.7908731,106.6915293,network_grid,,411926373
411926378,10.7773934,106.7041193,network_grid,,411926378
411926380,10.7779522,106.7010349,network_grid,,411926380
411926390,10.7724371,106.6948699,network_grid,,411926390
411926393,10.7765349,106.7050971,network_grid,,411926393
411926407,10.7718636,106.7039118,network_grid,,411926407
411926412,10.7748371,106.6981499,network_grid,,411926412
411926429,10.7728506,106.6971681,network_grid,,411926429
411926436,10.7671388,106.6974183,network_grid,,411926436
411926437,10.7720998,106.696004,network_grid,,411926437
411926438,10.7731556,106.6976491,network_grid,,411926438
411926446,10.7873909,106.6966403,network_grid,,411926446
411926453,10.791006,106.6981229,network_grid,,411926453
411926455,10.7732605,106.7014575,network_grid,,411926455
411926457,10.7865655,106.6957919,network_grid,,411926457
411926458,10.790659,106.6996967,network_grid,,411926458
411926483,10.7686677,106.6932877,network_grid,,411926483
411926498,10.7792329,106.7035889,network_grid,,411926498
411926503,10.7648363,106.6925294,network_grid,,411926503
411926505,10.7734407,106.6981058,network_grid,,411926505
411926516,10.7706904,106.7012764,network_grid,,411926516
411926524,10.7915964,106.6962001,network_grid,,411926524
411926527,10.7698536,106.6977441,network_grid,,411926527
411926533,10.7685425,106.6971744,network_grid,,411926533
411926537,10.7740726,106.6990186,network_grid,,411926537
411926538,10.7855867,106.6968504,network_grid,,411926538
411926545,10.7746638,106.6995694,network_grid,,411926545
411926547,10.7814762,106.6996356,network_grid,,411926547
411926577,10.7684134,106.6988516,network_grid,,411926577
411926585,10.7883778,106.6955568,network_grid,,411926585
411926586,10.7734873,106.7023364,network_grid,,411926586
411926591,10.7616266,106.6897192,network_grid,,411926591
411926594,10.7791968,106.702175,network_grid,,411926594
411926596,10.7797806,106.7040024,network_grid,,411926596
411926606,10.7896952,106.7007533,network_grid,,411926606
411926613,10.772787,106.6954284,network_grid,,411926613
411926617,10.7739958,106.697121,network_grid,,411926617
411926620,10.7736167,106.7028018,network_grid,,411926620
411926622,10.7668561,106.6942946,network_grid,,411926622
411926624,10.7801873,106.7010602,network_grid,,411926624
411926632,10.7704446,106.6920153,network_grid,,411926632
411926638,10.7658757,106.6981643,network_grid,,411926638
411926696,10.7767991,106.6979831,network_grid,,411926696
411926701,10.778525,106.7029239,network_grid,,411926701
411926702,10.7776192,106.7038862,network_grid,,411926702
411926704,10.7894352,106.6985385,network_grid,,411926704
411926705,10.7903735,106.6975106,network_grid,,411926705
411926712,10.7693766,106.6981019,network_grid,,411926712
634134026,10.7652073,106.6818289,network_grid,,634134026
634134030,10.7655926,106.6818746,network_grid,,634134030
676561476,10.7925295,106.6992584,network_grid,,676561476
718834751,10.7950467,106.6887809,network_grid,,718834751
718834755,10.7944825,106.6893637,network_grid,,718834755
728690560,10.7910054,106.7058155,network_grid,,728690560
729523336,10.7930651,106.6974325,network_grid,,729523336
864423474,10.795006,106.6918224,network_grid,,864423474
891508852,10.79467,106.6932549,network_grid,,891508852
1767203801,10.7672511,106.6997734,network_grid,,1767203801
1767909356,10.765631,106.7010057,network_grid,,1767909356
1767909383,10.7657093,106.7010478,network_grid,,1767909383
1767909386,10.7663412,106.700621,network_grid,,1767909386
1767909393,10.7665511,106.7016057,network_grid,,1767909393
1767909417,10.7663531,106.700978,network_grid,,1767909417
1768404126,10.7650936,106.6973026,network_grid,,1768404126
1769173835,10.7707757,106.7063184,network_grid,,1769173835
1769173843,10.7694232,106.7051609,network_grid,,1769173843
1769173868,10.7671087,106.7013496,network_grid,,1769173868
1769173870,10.7682131,106.7023387,network_grid,,1769173870
1769173959,10.7677182,106.7020328,network_grid,,1769173959
1769173982,10.7703529,106.704685,network_grid,,1769173982
1769277421,10.7760291,106.7031197,network_grid,,1769277421
1769277433,10.7763893,106.7027286,network_grid,,1769277433
1769277447,10.7731909,106.7000059,network_grid,,1769277447
1769277472,10.7765708,106.7012198,network_grid,,1769277472
1769277475,10.7761671,106.7029698,network_grid,,1769277475
1769456883,10.7809287,106.697816,network_grid,,1769456883
1769456941,10.7808244,106.6979302,network_grid,,1769456941
1769692389,10.7865968,106.7016177,network_grid,,1769692389
1770193953,10.7811994,106.6975199,network_grid,,1770193953
1771088742,10.7872347,106.7022445,network_grid,,1771088742
1970245478,10.7876142,106.7025996,network_grid,,1970245478
1985346078,10.7765403,106.7025647,network_grid,,1985346078
1985346335,10.758541,106.6852856,network_grid,,1985346335
1996654022,10.764818,106.6991352,network_grid,,1996654022
1996654066,10.7658537,106.7006283,network_grid,,1996654066
1996654189,10.7643008,106.6977426,network_grid,,1996654189
1996654208,10.7646417,106.6988108,network_grid,,1996654208
1996654212,10.7598569,106.6940493,network_grid,,1996654212
1996654360,10.7639857,106.6980282,network_grid,,1996654360
1996654852,10.7674021,106.7022473,network_grid,,1996654852
1996655118,10.7568608,106.6897729,network_grid,,1996655118
1996655226,10.7648501,106.6987998,network_grid,,1996655226
1996655282,10.7652201,106.7002293,network_grid,,1996655282
1996655496,10.763832,106.6981126,network_grid,,1996655496
1996745689,10.758645,106.6924512,network_grid,,1996745689
1998235285,10.7916703,106.6985829,network_grid,,1998235285
1998235317,10.7547344,106.6864111,network_grid,,1998235317
1998452762,10.7671636,106.7015349,network_grid,,1998452762
1998452788,10.7664951,106.7010492,network_grid,,1998452788
1998781538,10.7709258,106.7034182,network_grid,,1998781538
1998781616,10.7709739,106.7024697,network_grid,,1998781616
2024423036,10.7875007,106.7093873,snap_poi,Voi,2024423036
2025938531,10.764404,106.6989721,network_grid,,2025938531
2032267113,10.7708498,106.7025205,network_grid,,2032267113
2032267208,10.7701272,106.6941025,network_grid,,2032267208
2032267286,10.7591379,106.6875384,network_grid,,2032267286
2032267293,10.7707997,106.7034753,network_grid,,2032267293
2032267315,10.7648658,106.6927925,network_grid,,2032267315
2032267326,10.7652402,106.6971322,network_grid,,2032267326
2032267376,10.7662167,106.6963931,network_grid,,2032267376
2032267383,10.7644396,106.6924232,network_grid,,2032267383
2032267441,10.7638073,106.6980181,network_grid,,2032267441
2032267468,10.7608727,106.6889661,network_grid,,2032267468
2032267525,10.7729233,106.7002992,network_grid,,2032267525
2034589230,10.7741513,106.7033318,network_grid,,2034589230
2034589236,10.774251,106.7037193,network_grid,,2034589236
2034589359,10.7709832,106.704232,network_grid,,2034589359
2034589362,10.7688842,106.7037384,network_grid,,2034589362
2036082816,10.7758045,106.7065554,network_grid,,2036082816
2036082840,10.7847301,106.7036877,network_grid,,2036082840
2036082855,10.7747161,106.706182,network_grid,,2036082855
2036082874,10.7835028,106.7051249,network_grid,,2036082874
2036083009,10.7857612,106.708632,network_grid,,2036083009
2036083066,10.7747778,106.7064454,network_grid,,2036083066
2036083160,10.7846363,106.7035969,network_grid,,2036083160
2036083164,10.7832972,106.7049734,network_grid,,2036083164
2036083168,10.7718595,106.7063094,network_grid,,2036083168
2036083228,10.7869102,106.7090457,network_grid,,2036083228
2036083298,10.7729853,106.7064008,network_grid,,2036083298
2036083316,10.7828182,106.7055038,network_grid,,2036083316
2036083527,10.7759006,106.7062744,network_grid,,2036083527
2036083533,10.7714318,106.7062713,network_grid,,2036083533
2036083610,10.7746334,106.7065281,network_grid,,2036083610
2037831398,10.7821171,106.7052865,network_grid,,2037831398
2037831399,10.7817641,106.7057094,network_grid,,2037831399
2043347015,10.7762943,106.7009788,network_grid,,2043347015
2131959240,10.7641724,106.6978358,network_grid,,2131959240
2131959241,10.7640569,106.6979537,network_grid,,2131959241
2139904164,10.7818873,106.7050554,network_grid,,2139904164
2139904165,10.7823181,106.7054797,network_grid,,2139904165
2230280813,10.7864608,106.6947392,network_grid,,2230280813
2230280818,10.7860406,106.6943467,network_grid,,2230280818
2230414266,10.790218,106.6996959,network_grid,,2230414266
2230414268,10.7898718,106.6993696,network_grid,,2230414268
2230976075,10.7932182,106.6903029,network_grid,,2230976075
2231006702,10.7945413,106.6931437,network_grid,,2231006702
2231187556,10.7851707,106.6973003,network_grid,,2231187556
2231187557,10.7856196,106.6977381,network_grid,,2231187557
2231207282,10.7885495,106.6972338,network_grid,,2231207282
2231246984,10.7926929,106.6963155,network_grid,,2231246984
2231313563,10.795323,106.6896422,network_grid,,2231313563
2231349008,10.7926251,106.686956,network_grid,,2231349008
2289921217,10.7558857,106.6855363,network_grid,,2289921217
2289923632,10.7585707,106.684412,network_grid,,2289923632
2290050435,10.7672243,106.6948362,network_grid,,2290050435
2297783341,10.7889008,106.7026198,network_grid,,2297783341
2297783345,10.7892029,106.7029041,network_grid,,2297783345
2332679548,10.7931741,106.6959234,network_grid,,2332679548
2332680419,10.7945693,106.6933415,network_grid,,2332680419
2332682129,10.7928751,106.6876075,network_grid,,2332682129
2358070582,10.7686141,106.7034096,network_grid,,2358070582
2358070584,10.7687542,106.7032974,network_grid,,2358070584
2358070586,10.7686832,106.7034599,network_grid,,2358070586
2358070591,10.7687822,106.7033969,network_grid,,2358070591
2358137396,10.75857,106.6924841,network_grid,,2358137396
2358140872,10.7553773,106.6885142,network_grid,,2358140872
2380787695,10.7678364,106.7024381,network_grid,,2380787695
2380787715,10.7689764,106.7055946,network_grid,,2380787715
2380787716,10.7689763,106.7056739,network_grid,,2380787716
2403044878,10.7882186,106.7030795,network_grid,,2403044878
2403044879,10.7896672,106.7044554,network_grid,,2403044879
2403044880,10.7886488,106.7034951,network_grid,,2403044880
2403044882,10.7879369,106.7028134,network_grid,,2403044882
2408529960,10.7787668,106.6997738,network_grid,,2408529960
2527488815,10.7701665,106.6941984,network_grid,,2527488815
2666742983,10.765327,106.7001553,network_grid,,2666742983
2730493477,10.7711662,106.7043092,network_grid,,2730493477
2899065691,10.7727875,106.6985066,network_grid,,2899065691
2907818487,10.77718,106.7034401,network_grid,,2907818487
2907818488,10.7769646,106.7037077,network_grid,,2907818488
2935020197,10.7635235,106.6824908,network_grid,,2935020197
2974077439,10.7854521,106.7028245,network_grid,,2974077439
3014433881,10.790616,106.6975675,network_grid,,3014433881
3014433882,10.7905339,106.6976612,network_grid,,3014433882
3335314145,10.765385,106.7012021,network_grid,,3335314145
3335337343,10.7749426,106.7029702,network_grid,,3335337343
3335337345,10.7755944,106.7035916,network_grid,,3335337345
3338020106,10.754205,106.6868204,network_grid,,3338020106
3338020109,10.7541974,106.6868577,network_grid,,3338020109
3338020159,10.7576255,106.6907316,network_grid,,3338020159
3338020171,10.7588519,106.6923653,network_grid,,3338020171
3338020342,10.7649795,106.6992603,network_grid,,3338020342
3506700347,10.7699546,106.6943304,network_grid,,3506700347
4099242263,10.7884681,106.6995877,network_grid,,4099242263
4122304294,10.7931118,106.6994696,network_grid,,4122304294
4302891988,10.7648521,106.6926747,network_grid,,4302891988
4591922983,10.7652176,106.6928626,network_grid,,4591922983
4593840507,10.7562315,106.6859871,network_grid,,4593840507
4593841565,10.7560645,106.6858929,network_grid,,4593841565
4593918580,10.7591821,106.68863,network_grid,,4593918580
4593923917,10.7583913,106.6900572,network_grid,,4593923917
4593924323,10.758131,106.6902521,network_grid,,4593924323
4594331987,10.7560315,106.6859487,network_grid,,4594331987
4597084182,10.7658652,106.6934287,network_grid,,4597084182
4597095606,10.7674234,106.6939962,network_grid,,4597095606
4600569893,10.7687685,106.6874113,network_grid,,4600569893
4601580281,10.7845334,106.7079426,network_grid,,4601580281
4602358365,10.7665187,106.6977825,network_grid,,4602358365
4603207418,10.7726603,106.6911167,network_grid,,4603207418
4603243122,10.7652725,106.6901467,network_grid,,4603243122
4603720647,10.7628385,106.6910151,network_grid,,4603720647
4603729664,10.7629065,106.6909689,network_grid,,4603729664
4603729666,10.7630489,106.6908721,network_grid,,4603729666
4603761225,10.7675441,106.6904828,network_grid,,4603761225
4603797315,10.7670651,106.6873765,network_grid,,4603797315
4603817783,10.7568488,106.6857395,network_grid,,4603817783
4603817787,10.7574245,106.6862505,network_grid,,4603817787
4603826290,10.7578045,106.68658,network_grid,,4603826290
4603826296,10.7583078,106.6870241,network_grid,,4603826296
4603846867,10.7609194,106.6893286,network_grid,,4603846867
4603846874,10.7596086,106.6881773,network_grid,,4603846874
4604903936,10.7712405,106.6872293,network_grid,,4604903936
4605017103,10.7712673,106.6947554,network_grid,,4605017103
4605022195,10.770407,106.6890543,network_grid,,4605022195
4605034952,10.7683614,106.687003,network_grid,,4605034952
4605065012,10.7617999,106.6894464,network_grid,,4605065012
4605168357,10.7804132,106.7045468,network_grid,,4605168357
4605168358,10.7802027,106.7047876,snap_poi,Street Art Street (partially demolished),4605168358
4605175933,10.7800151,106.7046381,network_grid,,4605175933
4605180970,10.7792703,106.7045988,network_grid,,4605180970
4605180971,10.7797085,106.705005,snap_poi,Little Japan district,4605180971
4605453644,10.7786471,106.6979087,network_grid,,4605453644
4605462429,10.7836107,106.7026267,network_grid,,4605462429
4606995347,10.7666823,106.6943665,network_grid,,4606995347
4606995348,10.7664238,106.6941425,network_grid,,4606995348
4607337691,10.7648207,106.6854868,network_grid,,4607337691
4607339373,10.7666312,106.6859874,network_grid,,4607339373
4607349131,10.7629606,106.6867776,network_grid,,4607349131
4607349645,10.7630661,106.6860876,network_grid,,4607349645
4607349648,10.7627117,106.6866339,network_grid,,4607349648
4608280833,10.7716294,106.6952704,network_grid,,4608280833
4608688128,10.7712246,106.6954962,network_grid,,4608688128
4608690975,10.7715056,106.6964406,network_grid,,4608690975
4608867550,10.7684433,106.6899228,network_grid,,4608867550
4608876662,10.7667979,106.6882721,network_grid,,4608876662
4608877607,10.7667564,106.6883592,network_grid,,4608877607
4609310620,10.7731521,106.690179,network_grid,,4609310620
4609314796,10.769207,106.6946504,network_grid,,4609314796
4609319428,10.7698062,106.696162,network_grid,,4609319428
4609333639,10.7646871,106.6957228,network_grid,,4609333639
4609586296,10.7607801,106.687015,network_grid,,4609586296
4609829831,10.7565462,106.6852207,network_grid,,4609829831
4609836317,10.7564168,106.6852863,network_grid,,4609836317
4609877993,10.7692382,106.6947303,network_grid,,4609877993
4610625914,10.7712883,106.6934483,network_grid,,4610625914
4610625918,10.7714596,106.6931043,network_grid,,4610625918
4610625919,10.7713851,106.6930475,network_grid,,4610625919
4610643513,10.7710626,106.6936374,network_grid,,4610643513
4610643517,10.7716644,106.6930831,network_grid,,4610643517
4611394688,10.7588488,106.6843011,network_grid,,4611394688
4611407889,10.7590224,106.6846756,network_grid,,4611407889
4611410091,10.7588273,106.6850708,network_grid,,4611410091
4611419047,10.7650671,106.6848888,network_grid,,4611419047
4611419048,10.7656907,106.6851861,network_grid,,4611419048
4612970101,10.7735377,106.6894436,network_grid,,4612970101
4612970105,10.7678862,106.6954098,network_grid,,4612970105
4612970106,10.7680247,106.6953227,network_grid,,4612970106
4612970107,10.7681446,106.6954323,network_grid,,4612970107
4612970108,10.7680066,106.6955206,network_grid,,4612970108
4613083207,10.7590789,106.6876109,network_grid,,4613083207
4614008658,10.7641487,106.690666,network_grid,,4614008658
4614008665,10.7642837,106.6907199,network_grid,,4614008665
4615020060,10.765068,106.6876217,network_grid,,4615020060
4615523688,10.7678654,106.691284,network_grid,,4615523688
4615529268,10.767028,106.6908327,network_grid,,4615529268
4615738027,10.7594227,106.6898044,network_grid,,4615738027
4615738901,10.7595416,106.685637,network_grid,,4615738901
4617355735,10.7662425,106.6913403,network_grid,,4617355735
4634456202,10.7732524,106.6999346,network_grid,,4634456202
4649967850,10.7680851,106.695269,network_grid,,4649967850
4649997168,10.7734139,106.7000855,network_grid,,4649997168
4649999511,10.7681955,106.6953783,network_grid,,4649999511
4650010744,10.7659095,106.6933866,network_grid,,4650010744
4666207251,10.7712328,106.6931266,network_grid,,4666207251
4666207257,10.7712549,106.6937631,network_grid,,4666207257
4666227464,10.7667332,106.6881989,network_grid,,4666227464
4666227465,10.7666554,106.6882189,network_grid,,4666227465
4666242306,10.7642203,106.6907978,network_grid,,4666242306
4673510847,10.7711199,106.6965249,network_grid,,4673510847
4673706004,10.7909104,106.7056334,network_grid,,4673706004
4673707528,10.7928445,106.7007642,network_grid,,4673707528
5238614065,10.7727238,106.6911548,network_grid,,5238614065
5247691967,10.7718214,106.7058503,network_grid,,5247691967
5247691973,10.772069,106.7060825,network_grid,,5247691973
5444117925,10.7711701,106.6954935,network_grid,,5444117925
5444117929,10.7711721,106.696647,network_grid,,5444117929
5462422183,10.7539343,106.6871778,network_grid,,5462422183
5464084931,10.766677,106.6883633,network_grid,,5464084931
5500064101,10.7652216,106.6970128,network_grid,,5500064101
5500064102,10.7649369,106.6970851,network_grid,,5500064102
5500064105,10.7641724,106.6975341,network_grid,,5500064105
5500064106,10.7638659,106.6977418,network_grid,,5500064106
5500064107,10.771322,106.6934554,network_grid,,5500064107
5500064108,10.7714672,106.6933211,network_grid,,5500064108
5735511406,10.7705738,106.7061991,network_grid,,5735511406
5735511407,10.7706718,106.7062095,network_grid,,5735511407
5735511409,10.7708006,106.7062229,network_grid,,5735511409
5735511410,10.770895,106.7062303,network_grid,,5735511410
5737753350,10.7722276,106.705399,network_grid,,5737753350
5740324106,10.7844397,106.7080446,network_grid,,5740324106
5740394717,10.7871845,106.7126395,network_grid,,5740394717
5740394720,10.7872494,106.7110053,network_grid,,5740394720
5740395221,10.7871114,106.7097856,network_grid,,5740395221
5740395228,10.7856259,106.7088118,network_grid,,5740395228
5742669198,10.7794408,106.7047553,network_grid,,5742669198
5742669214,10.7814769,106.7014332,network_grid,,5742669214
5742670239,10.7782199,106.7072051,network_grid,,5742670239
5743072751,10.7758208,106.6990461,network_grid,,5743072751
5762610054,10.7703835,106.6864301,network_grid,,5762610054
5762610074,10.7651971,106.6818111,network_grid,,5762610074
5762711576,10.7679292,106.6855017,network_grid,,5762711576
5762711578,10.7673695,106.6867135,network_grid,,5762711578
5762711582,10.7668684,106.6886314,network_grid,,5762711582
5762736900,10.7680809,106.6954882,network_grid,,5762736900
5762736901,10.7679661,106.695383,network_grid,,5762736901
5762780550,10.7657464,106.6932438,network_grid,,5762780550
5763135356,10.7745161,106.6971884,network_grid,,5763135356
5763135357,10.775165,106.6978099,network_grid,,5763135357
5763168804,10.7734387,106.6898481,network_grid,,5763168804
5763168822,10.7714195,106.6934115,network_grid,,5763168822
5764862096,10.7949687,106.6897037,network_grid,,5764862096
5769748098,10.790269,106.6894167,network_grid,,5769748098
5772015877,10.79215,106.6980774,network_grid,,5772015877
5772015878,10.7921419,106.697641,network_grid,,5772015878
5772019375,10.7863057,106.6955486,network_grid,,5772019375
5772092881,10.7635809,106.6981472,network_grid,,5772092881
5772158997,10.7637226,106.6956287,network_grid,,5772158997
5772159000,10.7623627,106.6966019,network_grid,,5772159000
5778872999,10.7649526,106.6949225,network_grid,,5778872999
5778873001,10.7667468,106.6943395,network_grid,,5778873001
5780758065,10.7635499,106.6825708,network_grid,,5780758065
5780758075,10.764258,106.6822984,network_grid,,5780758075
5780783992,10.7642283,106.6822104,network_grid,,5780783992
5780842940,10.763974,106.6902619,network_grid,,5780842940
5780842950,10.7643028,106.691016,network_grid,,5780842950
5780886570,10.7652604,106.6928114,network_grid,,5780886570
5781023253,10.7646584,106.6919853,network_grid,,5781023253
5781023254,10.7646055,106.6922362,network_grid,,5781023254
5781023255,10.7645634,106.6922837,network_grid,,5781023255
5781023256,10.764501,106.6923541,network_grid,,5781023256
5781158289,10.7651464,106.6930357,network_grid,,5781158289
5781158293,10.7657898,106.6935001,network_grid,,5781158293
5781158295,10.7636734,106.6979155,network_grid,,5781158295
5781158296,10.7637934,106.6978039,network_grid,,5781158296
5795068449,10.759181,106.6874905,network_grid,,5795068449
5806268214,10.7584471,106.6868418,network_grid,,5806268214
5811283440,10.7585454,106.6919324,network_grid,,5811283440
5811285061,10.7577008,106.6906419,network_grid,,5811285061
5811285123,10.7584485,106.687149,network_grid,,5811285123
5811285127,10.7594379,106.6877152,network_grid,,5811285127
6387670790,10.7692038,106.6964766,network_grid,,6387670790
6387697234,10.7701529,106.6970651,network_grid,,6387697234
6484114554,10.7723172,106.6937882,network_grid,,6484114554
6509071747,10.7862185,106.7107626,network_grid,,6509071747
6509071748,10.7839413,106.7085827,network_grid,,6509071748
6573654683,10.7865552,106.7117435,network_grid,,6573654683
6637081017,10.7918334,106.6959446,network_grid,,6637081017
6637081019,10.7926949,106.6959923,network_grid,,6637081019
6637081020,10.7929191,106.6960048,network_grid,,6637081020
6637183621,10.7907304,106.697112,network_grid,,6637183621
6637183630,10.7909428,106.6968713,network_grid,,6637183630
6637183631,10.7911505,106.697075,network_grid,,6637183631
6639674954,10.7739193,106.6897713,network_grid,,6639674954
6639705119,10.7825132,106.7061973,network_grid,,6639705119
6639705121,10.7823493,106.7064213,network_grid,,6639705121
6640014188,10.7847647,106.7081312,network_grid,,6640014188
6640014192,10.7848168,106.7080646,network_grid,,6640014192
6727011191,10.768303,106.6845327,network_grid,,6727011191
6727541451,10.7612291,106.6834809,network_grid,,6727541451
6732291259,10.7677599,106.6857109,network_grid,,6732291259
6732291266,10.7678492,106.6856693,network_grid,,6732291266
6733010988,10.7683891,106.6893291,network_grid,,6733010988
6745111244,10.7688726,106.6875178,network_grid,,6745111244
6747154748,10.7709748,106.7044088,network_grid,,6747154748
6747172986,10.7753411,106.7058247,network_grid,,6747172986
6747172989,10.7757236,106.7060029,network_grid,,6747172989
6747199447,10.7749157,106.7059388,network_grid,,6747199447
6747201137,10.783859,106.6971043,network_grid,,6747201137
6747228549,10.784713,106.6960323,network_grid,,6747228549
6747284158,10.7710322,106.701441,network_grid,,6747284158
6751145359,10.7709314,106.7011716,network_grid,,6751145359
6753737924,10.7787804,106.6958555,network_grid,,6753737924
6754345970,10.7641896,106.6981123,network_grid,,6754345970
6757556260,10.7568884,106.6896859,network_grid,,6757556260
6760648978,10.7578459,106.6865294,network_grid,,6760648978
6760648979,10.7574674,106.6861944,network_grid,,6760648979
6760665400,10.7609702,106.6892652,network_grid,,6760665400
6760665401,10.7599776,106.6883868,network_grid,,6760665401
6760714940,10.7583522,106.6869659,network_grid,,6760714940
6760714944,10.7575483,106.6863572,network_grid,,6760714944
6773186203,10.767701,106.6950331,network_grid,,6773186203
6773282380,10.7682718,106.6953143,network_grid,,6773282380
6773282382,10.7682774,106.6954626,network_grid,,6773282382
6780363352,10.7957536,106.6852315,network_grid,,6780363352
6783651564,10.7673258,106.6998594,network_grid,,6783651564
6783651566,10.7671715,106.6996863,network_grid,,6783651566
6786731979,10.7584101,106.6868902,network_grid,,6786731979
6786731981,10.758494,106.6870898,network_grid,,6786731981
6786738904,10.7734711,106.6895706,network_grid,,6786738904
6786738905,10.773391,106.6892687,network_grid,,6786738905
6786749263,10.7610293,106.6891913,network_grid,,6786749263
6786749265,10.7602646,106.6887631,network_grid,,6786749265
6786749269,10.7603245,106.6886896,network_grid,,6786749269
6786749270,10.7603778,106.6886235,network_grid,,6786749270
6786749271,10.7604197,106.6885729,network_grid,,6786749271
6786761730,10.762757,106.6922534,network_grid,,6786761730
6786761731,10.7631514,106.6919339,network_grid,,6786761731
6788469897,10.763718,106.6916851,network_grid,,6788469897
6788576898,10.7657385,106.6935488,network_grid,,6788576898
6788662350,10.7692748,106.696439,network_grid,,6788662350
6788662351,10.7693449,106.6964047,network_grid,,6788662351
6789154062,10.7675198,106.6972415,network_grid,,6789154062
6789154063,10.7676168,106.6969333,network_grid,,6789154063
6789155349,10.7650876,106.6997627,network_grid,,6789155349
6789155351,10.7654683,106.7000379,network_grid,,6789155351
6789193621,10.7688126,106.70062,network_grid,,6789193621
6789193622,10.7686444,106.7003997,network_grid,,6789193622
6789210645,10.7610695,106.689141,network_grid,,6789210645
6789210646,10.7606195,106.6887463,network_grid,,6789210646
6789210647,10.7605779,106.6887966,network_grid,,6789210647
6789210648,10.7601747,106.6883596,network_grid,,6789210648
6789210649,10.7601374,106.6884057,network_grid,,6789210649
6789210651,10.7599792,106.6881884,network_grid,,6789210651
6789210654,10.7596915,106.6879361,network_grid,,6789210654
6789210655,10.7596529,106.6879849,network_grid,,6789210655
6789210658,10.7593988,106.6877654,network_grid,,6789210658
6789210659,10.758804,106.6871588,network_grid,,6789210659
6789210660,10.7587663,106.6872059,network_grid,,6789210660
6789210661,10.758583,106.6869626,network_grid,,6789210661
6789210662,10.7585493,106.6870124,network_grid,,6789210662
6789210667,10.7575937,106.6863045,network_grid,,6789210667
6789210668,10.7576559,106.6862324,network_grid,,6789210668
6789258562,10.7633094,106.6911035,network_grid,,6789258562
6789258563,10.7632635,106.691159,network_grid,,6789258563
6789319267,10.7635314,106.6912999,network_grid,,6789319267
6789319268,10.7634895,106.6913501,network_grid,,6789319268
6789319269,10.7626487,106.6905218,network_grid,,6789319269
6789319270,10.7626044,106.6905789,network_grid,,6789319270
6789319271,10.7621777,106.6901131,network_grid,,6789319271
6789319272,10.7621351,106.6901659,network_grid,,6789319272
6789323619,10.7654299,106.6929612,network_grid,,6789323619
6789323620,10.7653922,106.6930152,network_grid,,6789323620
6789323622,10.7641037,106.6918017,network_grid,,6789323622
6789323626,10.7642779,106.6920345,network_grid,,6789323626
6789341863,10.7677318,106.69499,network_grid,,6789341863
6789341864,10.7672585,106.6945735,network_grid,,6789341864
6789341865,10.7672258,106.6946178,network_grid,,6789341865
6789341868,10.7666846,106.6940686,network_grid,,6789341868
6789341869,10.7666499,106.6941145,network_grid,,6789341869
6789341874,10.7657115,106.6932943,network_grid,,6789341874
6789341875,10.7655893,106.6931058,network_grid,,6789341875
6789341876,10.7655518,106.6931547,network_grid,,6789341876
6789351753,10.76902,106.696118,network_grid,,6789351753
6789351754,10.7689751,106.6961716,network_grid,,6789351754
6789351756,10.7686342,106.6957775,network_grid,,6789351756
6789351757,10.7685931,106.6958309,network_grid,,6789351757
6789351758,10.7684104,106.69558,network_grid,,6789351758
6789351759,10.7683717,106.6956334,network_grid,,6789351759
6789385215,10.7702607,106.6944283,network_grid,,6789385215
6790542419,10.7665846,106.6885656,network_grid,,6790542419
6790784936,10.7587399,106.6874094,network_grid,,6790784936
6790784937,10.7587851,106.6873491,network_grid,,6790784937
6790789090,10.7687369,106.6896812,network_grid,,6790789090
6790929758,10.7664676,106.6940967,network_grid,,6790929758
6791194856,10.7637506,106.6976556,network_grid,,6791194856
6791194859,10.7639582,106.697669,network_grid,,6791194859
6791517918,10.7543733,106.6866851,network_grid,,6791517918
6793960865,10.7723832,106.6908518,network_grid,,6793960865
6794061663,10.7539338,106.6870059,network_grid,,6794061663
6794061668,10.7540284,106.6869299,network_grid,,6794061668
6794099997,10.7639188,106.6982203,network_grid,,6794099997
6794100007,10.76404,106.6981028,network_grid,,6794100007
6857806163,10.7845723,106.7092041,network_grid,,6857806163
6857806164,10.7839852,106.7098315,network_grid,,6857806164
6857806165,10.7849483,106.7095572,network_grid,,6857806165
6857806166,10.784363,106.7101877,network_grid,,6857806166
6857806167,10.7854498,106.7100282,network_grid,,6857806167
6857806168,10.7848702,106.7106658,network_grid,,6857806168
6857806169,10.7853111,106.7098979,network_grid,,6857806169
6857806170,10.784736,106.7105392,network_grid,,6857806170
6857806171,10.7858279,106.7103834,network_grid,,6857806171
6857806172,10.7852455,106.7110196,network_grid,,6857806172
6858588487,10.7831604,106.7012045,network_grid,,6858588487
6858588489,10.7791384,106.6973782,network_grid,,6858588489
6858588491,10.7781953,106.6964878,network_grid,,6858588491
6858588498,10.7820025,106.7001223,network_grid,,6858588498
6858588499,10.7852326,106.703163,network_grid,,6858588499
6859935900,10.7789593,106.6999459,network_grid,,6859935900
7033681306,10.7641798,106.6947151,network_grid,,7033681306
7461707636,10.7731183,106.69589,network_grid,,7461707636
7461707638,10.7735499,106.6953739,network_grid,,7461707638
7496448760,10.786727,106.7100817,network_grid,,7496448760
7496728525,10.7867796,106.7101451,network_grid,,7496728525
7499880753,10.7871284,106.7104852,network_grid,,7499880753
7499880754,10.7871904,106.710457,network_grid,,7499880754
7499929047,10.7872267,106.7116845,network_grid,,7499929047
7499929048,10.7873089,106.7116713,network_grid,,7499929048
7499947747,10.7872538,106.7123598,network_grid,,7499947747
7499947748,10.7872817,106.712251,network_grid,,7499947748
7500088744,10.7866341,106.710308,network_grid,,7500088744
7500088745,10.7865173,106.7104276,network_grid,,7500088745
7514003738,10.7802601,106.6984437,network_grid,,7514003738
7514003739,10.7803158,106.6985782,network_grid,,7514003739
7514003740,10.7803384,106.6984619,network_grid,,7514003740
7514003752,10.7803536,106.6985363,network_grid,,7514003752
7794718943,10.7903859,106.6956147,network_grid,,7794718943
7794718945,10.7907642,106.695257,network_grid,,7794718945
7902006422,10.7759769,106.7066497,network_grid,,7902006422
7931552059,10.790598,106.6985715,network_grid,,7931552059
7940916996,10.792463,106.6943782,network_grid,,7940916996
7940916998,10.7922067,106.6947299,network_grid,,7940916998
7940916999,10.7924348,106.6942307,network_grid,,7940916999
7940917000,10.7920928,106.6942493,network_grid,,7940917000
7940917001,10.792403,106.6940647,network_grid,,7940917001
7940917002,10.7920907,106.6940862,network_grid,,7940917002
8141066122,10.7834972,106.7048197,network_grid,,8141066122
8141066129,10.7836176,106.7048865,network_grid,,8141066129
8345090612,10.7705287,106.6910192,network_grid,,8345090612
8366793315,10.7842074,106.7058055,network_grid,,8366793315
8591874774,10.769086,106.7046959,network_grid,,8591874774
8591874777,10.7689955,106.7047185,network_grid,,8591874777
8751584189,10.7804644,106.7085388,network_grid,,8751584189
8819419107,10.7915194,106.6941527,network_grid,,8819419107
8819419111,10.7909857,106.6940434,network_grid,,8819419111
8819566548,10.7708628,106.6894263,network_grid,,8819566548
9404261849,10.7571024,106.6856602,network_grid,,9404261849
9404261850,10.7570611,106.6857098,network_grid,,9404261850
9404261865,10.7568905,106.6856834,network_grid,,9404261865
9404261868,10.7580987,106.6867475,network_grid,,9404261868
9404261869,10.7580574,106.6868034,network_grid,,9404261869
9404261870,10.7580413,106.6865695,network_grid,,9404261870
9404261871,10.7580784,106.6865191,network_grid,,9404261871
9404261872,10.7598195,106.6883719,network_grid,,9404261872
9404261873,10.7598796,106.6883022,network_grid,,9404261873
9404261874,10.7599418,106.6882338,network_grid,,9404261874
9404261876,10.7605195,106.6888631,network_grid,,9404261876
9404261877,10.7604641,106.6889321,network_grid,,9404261877
9404261879,10.7622073,106.6903499,network_grid,,9404261879
9404261880,10.7621544,106.6904205,network_grid,,9404261880
9404261881,10.7624992,106.6907218,network_grid,,9404261881
9404261882,10.7625521,106.6906585,network_grid,,9404261882
9404261883,10.7629875,106.6909138,network_grid,,9404261883
9404261884,10.7631409,106.6911807,network_grid,,9404261884
9404261885,10.76309,106.6912424,network_grid,,9404261885
9404261886,10.763452,106.6914538,network_grid,,9404261886
9404261887,10.7634023,106.691515,network_grid,,9404261887
9404261888,10.7638826,106.6919324,network_grid,,9404261888
9404261889,10.763667,106.6917458,network_grid,,9404261889
9404261891,10.7637855,106.6916048,network_grid,,9404261891
9404261893,10.7640661,106.6918496,network_grid,,9404261893
9404261894,10.7639313,106.6918672,network_grid,,9404261894
9404261895,10.7641416,106.6920467,network_grid,,9404261895
9404261896,10.7640871,106.6921091,network_grid,,9404261896
9404261897,10.7643204,106.6919888,network_grid,,9404261897
9404261899,10.7651934,106.6929751,network_grid,,9404261899
9404261900,10.7662627,106.6939164,network_grid,,9404261900
9404261901,10.7662208,106.6939667,network_grid,,9404261901
9404261902,10.7663324,106.693837,network_grid,,9404261902
9404261903,10.7663685,106.6937905,network_grid,,9404261903
9404261907,10.7672181,106.6947443,network_grid,,9404261907
9404261908,10.7671795,106.6947974,network_grid,,9404261908
9404261909,10.7675797,106.6950501,network_grid,,9404261909
9404261910,10.7675377,106.6951078,network_grid,,9404261910
9404261911,10.7683209,106.6956942,network_grid,,9404261911
9404261912,10.7682755,106.6957498,network_grid,,9404261912
9404261913,10.7685449,106.6958927,network_grid,,9404261913
9404261914,10.7684993,106.6959473,network_grid,,9404261914
9404261915,10.76893,106.696234,network_grid,,9404261915
9404261916,10.7688849,106.6962877,network_grid,,9404261916
9404297255,10.7707489,106.7044955,network_grid,,9404297255
9404297256,10.7708796,106.7044453,network_grid,,9404297256
9457086585,10.7822366,106.7061161,network_grid,,9457086585
9577366644,10.7907041,106.6956164,network_grid,,9577366644
9577643870,10.7842773,106.7082135,network_grid,,9577643870
9582474882,10.7811845,106.7077438,network_grid,,9582474882
9591636815,10.7709468,106.6991652,network_grid,,9591636815
9591639720,10.7804052,106.7085053,network_grid,,9591639720
9608426540,10.770256,106.6973327,network_grid,,9608426540
9608426541,10.7743715,106.7009856,network_grid,,9608426541
9622589906,10.7781934,106.7073025,network_grid,,9622589906
9646671008,10.7826396,106.7060567,network_grid,,9646671008
9690705590,10.7801286,106.70774,network_grid,,9690705590
9708466478,10.7839328,106.7074212,network_grid,,9708466478
9708695734,10.7744849,106.700938,network_grid,,9708695734
9713062518,10.7742764,106.7010257,network_grid,,9713062518
9722186805,10.7733303,106.6998498,network_grid,,9722186805
9741725439,10.7818158,106.706558,network_grid,,9741725439
9824009360,10.7735274,106.7000374,network_grid,,9824009360
9831853373,10.7716804,106.6987288,network_grid,,9831853373
9864826744,10.7712084,106.6933707,network_grid,,9864826744
9864826747,10.7713831,106.6934406,network_grid,,9864826747
9928510948,10.7870071,106.6996763,network_grid,,9928510948
10106997792,10.769882,106.6969916,network_grid,,10106997792
10107064856,10.7733219,106.7001272,network_grid,,10107064856
10107064857,10.773207,106.7001788,network_grid,,10107064857
10215863915,10.7665925,106.6990056,network_grid,,10215863915
10215974126,10.7676585,106.6980079,network_grid,,10215974126
10215974129,10.7688766,106.6968648,network_grid,,10215974129
10215974130,10.76917,106.6965402,network_grid,,10215974130
10215974134,10.7691375,106.6965106,network_grid,,10215974134
10263543698,10.7809356,106.7075111,network_grid,,10263543698
10263543699,10.780979,106.7074623,network_grid,,10263543699
10291112014,10.7867446,106.6939602,network_grid,,10291112014
10315805784,10.7711046,106.6988219,network_grid,,10315805784
10315805786,10.7714,106.6984995,network_grid,,10315805786
10315805787,10.7713293,106.6984348,network_grid,,10315805787
10315805789,10.7714456,106.6984194,network_grid,,10315805789
10315805791,10.7713772,106.6983664,network_grid,,10315805791
10557693663,10.7702587,106.6974547,network_grid,,10557693663
10558393145,10.7721665,106.6989052,network_grid,,10558393145
10558424628,10.7700405,106.6971363,network_grid,,10558424628
10560232673,10.7752631,106.702115,network_grid,,10560232673
10560232674,10.7755164,106.702352,network_grid,,10560232674
10560232675,10.7754753,106.7018715,network_grid,,10560232675
10560232676,10.7757406,106.7021203,network_grid,,10560232676
10713483981,10.7801835,106.7047728,network_grid,,10713483981
10734733576,10.7913967,106.6883702,network_grid,,10734733576
10737455883,10.7820352,106.7063642,network_grid,,10737455883
10744385565,10.7707699,106.6991128,network_grid,,10744385565
10765339999,10.783793,106.6987827,network_grid,,10765339999
10810816106,10.7836123,106.6987886,network_grid,,10810816106
10828987444,10.777558,106.7038241,network_grid,,10828987444
10828987445,10.7773356,106.7040638,network_grid,,10828987445
10907354899,10.7661923,106.7004283,network_grid,,10907354899
10942561831,10.771686,106.6978751,network_grid,,10942561831
10945326765,10.7813708,106.7059614,network_grid,,10945326765
10945450649,10.7936437,106.6934518,network_grid,,10945450649
10959089043,10.788173,106.7031283,network_grid,,10959089043
10964388727,10.7862349,106.70399,network_grid,,10964388727
10964388728,10.7861785,106.7040512,network_grid,,10964388728
10973319772,10.7883225,106.6987334,network_grid,,10973319772
10973319773,10.7885115,106.6989132,network_grid,,10973319773
10978330103,10.7815337,106.6995731,network_grid,,10978330103
10978330104,10.7809094,106.6990055,network_grid,,10978330104
10978360608,10.7808551,106.6990668,network_grid,,10978360608
10978360609,10.7851309,106.7030685,network_grid,,10978360609
10978360610,10.7851975,106.7030012,network_grid,,10978360610
10978360611,10.7832096,106.7011503,network_grid,,10978360611
10978360613,10.7811691,106.6992435,network_grid,,10978360613
10978360614,10.7811132,106.6993049,network_grid,,10978360614
10978360615,10.7820592,106.7000549,network_grid,,10978360615
10978360616,10.782409,106.7003807,network_grid,,10978360616
10978360617,10.7827885,106.7007563,network_grid,,10978360617
10978360618,10.7827374,106.700811,network_grid,,10978360618
10991234693,10.7852943,106.7030967,network_grid,,10991234693
11017260996,10.76594,106.6824196,network_grid,,11017260996
11017261001,10.7660604,106.682342,network_grid,,11017261001
11064388833,10.7926668,106.695803,network_grid,,11064388833
11064388835,10.7926132,106.6954521,network_grid,,11064388835
11096747636,10.7693829,106.6922527,network_grid,,11096747636
11135547226,10.775847,106.691529,network_grid,,11135547226
11140371367,10.7742525,106.7050468,network_grid,,11140371367
11221021745,10.7722615,106.6988354,network_grid,,11221021745
11284547738,10.771577,106.697938,network_grid,,11284547738
11284547739,10.7711218,106.6981346,network_grid,,11284547739
11287006566,10.7710504,106.7011208,network_grid,,11287006566
11298108231,10.7831596,106.7066557,network_grid,,11298108231
11298108233,10.7832668,106.7068472,network_grid,,11298108233
11298108246,10.7842541,106.7078854,network_grid,,11298108246
11298108249,10.7846174,106.7081979,network_grid,,11298108249
11329674833,10.7876598,106.7025516,network_grid,,11329674833
11329674834,10.7872823,106.7021947,network_grid,,11329674834
11333010757,10.7906936,106.6960542,network_grid,,11333010757
11364145943,10.7887842,106.6959541,network_grid,,11364145943
11364187677,10.7904522,106.697425,network_grid,,11364187677
11369890061,10.7869906,106.7094324,network_grid,,11369890061
11383642762,10.7948858,106.6884608,network_grid,,11383642762
11383674409,10.7944319,106.6889715,network_grid,,11383674409
11383674413,10.7944117,106.6888026,network_grid,,11383674413
11383674418,10.7948976,106.6888037,network_grid,,11383674418
11497704865,10.7646897,106.6920777,network_grid,,11497704865
11510232020,10.7845033,106.7039333,network_grid,,11510232020
11510232021,10.78441,106.7038502,network_grid,,11510232021
11703388662,10.7678395,106.6948914,network_grid,,11703388662
11744922278,10.7690656,106.7004624,network_grid,,11744922278
11744922279,10.7686342,106.7007378,network_grid,,11744922279
11801821651,10.7699916,106.6885977,network_grid,,11801821651
11801821653,10.7706395,106.6879239,network_grid,,11801821653
11801821658,10.7670904,106.6883847,network_grid,,11801821658
11824860648,10.7567875,106.6896821,network_grid,,11824860648
11825068780,10.7589657,106.692316,network_grid,,11825068780
11825097702,10.7598891,106.6939356,network_grid,,11825097702
11825097704,10.7597816,106.6939241,network_grid,,11825097704
11825097706,10.7656315,106.699903,network_grid,,11825097706
11875459307,10.7646359,106.6859923,network_grid,,11875459307
11930061311,10.7963035,106.6860129,network_grid,,11930061311
11950422110,10.787102,106.7048614,network_grid,,11950422110
11954110644,10.7682294,106.6894239,network_grid,,11954110644
11971404899,10.795301,106.6864822,network_grid,,11971404899
11998712797,10.7789141,106.6943837,network_grid,,11998712797
12157150905,10.7759826,106.6916588,network_grid,,12157150905
12157150907,10.7774837,106.6930424,network_grid,,12157150907
12185843069,10.7868031,106.6944971,network_grid,,12185843069
12212093091,10.7718137,106.7007901,network_grid,,12212093091
12295939945,10.7615823,106.689793,network_grid,,12295939945
12295939946,10.761538,106.6898707,network_grid,,12295939946
12295939949,10.7605993,106.6914048,network_grid,,12295939949
12295939952,10.7597675,106.6919425,network_grid,,12295939952
12295939953,10.7595699,106.6920439,network_grid,,12295939953
12313433904,10.7630199,106.6866667,network_grid,,12313433904
12336589555,10.7917894,106.7037452,network_grid,,12336589555
12336589556,10.7916295,106.7037025,network_grid,,12336589556
12336589557,10.7917285,106.7040231,network_grid,,12336589557
12336589558,10.7915795,106.7039817,network_grid,,12336589558
12435058728,10.7827922,106.7008622,network_grid,,12435058728
12443073473,10.7828443,106.7008098,network_grid,,12443073473
12470703608,10.7919133,106.7008671,network_grid,,12470703608
12470703610,10.7917478,106.7010554,network_grid,,12470703610
12486051343,10.7566756,106.6853866,network_grid,,12486051343
12486051344,10.7566234,106.6854423,network_grid,,12486051344
12503977172,10.7728691,106.6899281,network_grid,,12503977172
12503977173,10.7730679,106.6896795,network_grid,,12503977173
12518123443,10.7653166,106.6843148,network_grid,,12518123443
12584655704,10.7675455,106.6861995,network_grid,,12584655704
12584655705,10.7676377,106.6862432,network_grid,,12584655705
12584655706,10.7675112,106.6862799,network_grid,,12584655706
12584655707,10.7675988,106.6863255,network_grid,,12584655707
12584708459,10.7684034,106.6846248,network_grid,,12584708459
12584708461,10.7684188,106.6845935,network_grid,,12584708461
12584708463,10.7681926,106.6849221,network_grid,,12584708463
12585027141,10.7639084,106.691712,network_grid,,12585027141
12585027142,10.7639482,106.6916654,network_grid,,12585027142
12721904606,10.7803752,106.6985561,network_grid,,12721904606
12721904611,10.7806384,106.6988612,network_grid,,12721904611
12797273269,10.7839445,106.6990912,network_grid,,12797273269
12818385590,10.785685,106.6947919,network_grid,,12818385590
12884031130,10.7799834,106.6984256,network_grid,,12884031130
12920957278,10.7800142,106.698205,network_grid,,12920957278
12946458013,10.7711125,106.7043045,network_grid,,12946458013
12980280176,10.7922117,106.6996908,network_grid,,12980280176
12989990972,10.7885311,106.6911711,network_grid,,12989990972
13045992134,10.7612045,106.6834143,network_grid,,13045992134
13063019793,10.7961638,106.6861143,network_grid,,13063019793
13063019794,10.7956566,106.6852218,network_grid,,13063019794
13063076805,10.7957426,106.6851753,network_grid,,13063076805
13063076806,10.7963239,106.6860583,network_grid,,13063076806
13075589602,10.7865155,106.6937362,network_grid,,13075589602
13075589603,10.7879022,106.691964,network_grid,,13075589603
13086336666,10.7587018,106.6898115,network_grid,,13086336666
13271508799,10.7925759,106.6936579,network_grid,,13271508799
13514030145,10.7865751,106.7015969,network_grid,,13514030145
13514030147,10.7862715,106.701946,network_grid,,13514030147
13520859448,10.792697,106.6961006,network_grid,,13520859448
13521117630,10.7814915,106.7074111,network_grid,,13521117630
13521117633,10.781733,106.7071493,network_grid,,13521117633
13671894963,10.7921154,106.6866836,network_grid,,13671894963
13692142751,10.793688,106.6934399,network_grid,,13692142751
13741907925,10.7669417,106.6908942,network_grid,,13741907925
13741907926,10.7668253,106.6907499,network_grid,,13741907926
13741907927,10.7668374,106.6905788,network_grid,,13741907927
13741907929,10.7667231,106.6908313,network_grid,,13741907929
13864848961,10.7929297,106.6999886,network_grid,,13864848961
13864848977,10.7925088,106.6998735,network_grid,,13864848977
13864848996,10.7926508,106.6995749,network_grid,,13864848996
13864929701,10.7925352,106.6997332,network_grid,,13864929701
13892280424,10.7928399,106.7000275,network_grid,,13892280424
13961678624,10.7802148,106.6962061,network_grid,,13961678624
13983865129,10.792323,106.6936807,network_grid,,13983865129
13983865130,10.79233,106.6937165,network_grid,,13983865130
14030366137,10.7629094,106.6877103,network_grid,,14030366137
14030366138,10.7629657,106.6876325,network_grid,,14030366138
14030366142,10.7624154,106.6864638,network_grid,,14030366142
14030366143,10.762526,106.6865261,network_grid,,14030366143
14068910941,10.7554637,106.6858401,network_grid,,14068910941
14068910943,10.7752707374631,106.7066819925334,snap_poi,Tượng Đức Thánh Trần Hưng Đạo,14068910943
14068910942,10.7752864,106.706468,poi,Tượng Đức Thánh Trần Hưng Đạo,14068910943
14068910945,10.78179347181123,106.70567421207092,snap_poi,Thai Express,14068910945
14068910944,10.7817958,106.7056762,poi,Thai Express,14068910945
14068910947,10.784881218504122,106.70756688303165,snap_poi,Bảo Tàng Địa Chất,14068910947
14068910946,10.7849957,106.7076753,poi,Bảo Tàng Địa Chất,14068910947
14068910949,10.781502764468677,106.69834712887233,snap_poi,Phòng Truyền thống Thành Đoàn,14068910949
14068910948,10.7820744,106.6977069,poi,Phòng Truyền thống Thành Đoàn,14068910949
14068910951,10.785243013892071,106.69840984064548,snap_poi,Nhà Thiếu Nhi Quận 1,14068910951
14068910950,10.7849924,106.698682,poi,Nhà Thiếu Nhi Quận 1,14068910951
14068910953,10.771481822591863,106.69325269569475,snap_poi,Tượng Phù Đổng Thiên Vương,14068910953
14068910952,10.7713487,106.693241,poi,Tượng Phù Đổng Thiên Vương,14068910953
14068910955,10.776350673693278,106.7049290046972,snap_poi,Tara & Kys Art Gallery,14068910955
14068910954,10.7764073,106.7048655,poi,Tara & Kys Art Gallery,14068910955
14068910957,10.77207732172036,106.69762730741587,snap_poi,Street Market with Pho,14068910957
14068910956,10.7720792,106.6976304,poi,Street Market with Pho,14068910957
14068910959,10.790316436892379,106.69936627776694,snap_poi,Elephants Statue,14068910959
14068910958,10.7902787,106.6994063,poi,Elephants Statue,14068910959
14068910961,10.787895685616776,106.69608045923843,snap_poi,Servic Office,14068910961
14068910960,10.7882446,106.6964107,poi,Servic Office,14068910961
14068910963,10.775156564351436,106.69266535929063,snap_poi,Cactus-Garden,14068910963
14068910962,10.774699,106.692279,poi,Cactus-Garden,14068910963
14068910965,10.774416416597134,106.69353836922484,snap_poi,Sculpture Garden,14068910965
14068910964,10.7747342,106.6938172,poi,Sculpture Garden,14068910965
14068910967,10.761079838990982,106.69562760508873,snap_poi,Entrance to Russian Clothes Market,14068910967
14068910966,10.7611115,106.6955947,poi,Entrance to Russian Clothes Market,14068910967
14068910969,10.778741734578668,106.69700369733907,snap_poi,History Information Boards,14068910969
14068910968,10.7789075,106.6968241,poi,History Information Boards,14068910969
14068910971,10.778575328311039,106.69684659060749,snap_poi,History Information Boards,14068910971
14068910970,10.7785384,106.6968866,poi,History Information Boards,14068910971
14068910973,10.776274460299085,106.7068092039428,snap_poi,Various Cannons,14068910973
14068910972,10.7762451,106.7069417,poi,Various Cannons,14068910973
14068910975,10.768325256041466,106.69347730406191,snap_poi,central post office,14068910975
14068910974,10.7682145,106.693281,poi,central post office,14068910975
14068910977,10.771522865971212,106.70474404628261,snap_poi,Saigon Skydeck,14068910977
14068910976,10.7717177,106.7045283,poi,Saigon Skydeck,14068910977
14068910979,10.779603221908713,106.70619497826118,snap_poi,Mai's Gallery,14068910979
14068910978,10.7798243,106.7059373,poi,Mai's Gallery,14068910979
14068910981,10.79057538063938,106.70540597151117,snap_poi,Động vật bò sát,14068910981
14068910980,10.7901336,106.7058841,poi,Động vật bò sát,14068910981
14068910983,10.787480077695722,106.70937907367079,snap_poi,Hươu cao cổ,14068910983
14068910982,10.7880953,106.7078014,poi,Hươu cao cổ,14068910983
14068910985,10.786153568471281,106.70874827582365,snap_poi,Cá sấu,14068910985
14068910984,10.7862562,106.7084761,poi,Cá sấu,14068910985
14068910986,10.7886498,106.7071674,poi,Voi,2024423036
14068910987,10.780298,106.705046,poi,Street Art Street (partially demolished),4605168358
14068910988,10.7797801,106.7050605,poi,Little Japan district,4605180971
14068910990,10.768672204368926,106.69329900043432,snap_poi,Visitor Information and Support Center,14068910990
14068910989,10.7688309,106.6932343,poi,Visitor Information and Support Center,14068910990
14068910992,10.775790883664808,106.7033783019981,snap_poi,Art Arcade,14068910992
14068910991,10.7757081,106.7033003,poi,Art Arcade,14068910992
14068910994,10.767070288056475,106.69487150397552,snap_poi,Tạp hóa,14068910994
14068910993,10.7670435,106.6948007,poi,Tạp hóa,14068910994
14068910996,10.777068981952407,106.70380788979313,snap_poi,Cây đàn Việt Nam,14068910996
14068910995,10.7771736,106.7036964,poi,Cây đàn Việt Nam,14068910996
14068910998,10.756621915768056,106.68948288682729,snap_poi,Maitrism,14068910998
14068910997,10.7568076,106.6893134,poi,Maitrism,14068910998
14068911000,10.767940573189005,106.69147226829493,snap_poi,Cambodia Bus Companies (many),14068911000
14068910999,10.7678095,106.6915258,poi,Cambodia Bus Companies (many),14068911000
14068911002,10.774486692794651,106.69345547791265,snap_poi,Mohandas Gandhi,14068911002
14068911001,10.7748178,106.693746,poi,Mohandas Gandhi,14068911002
14068911004,10.780333133470561,106.70463891227678,snap_poi,Enjoy Massage Therapy;Góc Nhật Bản,14068911004
14068911003,10.7803583,106.7046615,poi,Enjoy Massage Therapy;Góc Nhật Bản,14068911004
14068911006,10.781039213568656,106.70012118492063,snap_poi,Đường Sách,14068911006
14068911005,10.7805735,106.6996948,poi,Đường Sách,14068911006
14068911008,10.787261062205731,106.70499614729754,snap_poi,J.B.Louis Pierre,14068911008
14068911007,10.7879816,106.7056785,poi,J.B.Louis Pierre,14068911008
14068911010,10.772059332829723,106.7013671390508,snap_poi,Tượng Tôn Đức Thắng,14068911010
14068911009,10.7718087,106.7014732,poi,Tượng Tôn Đức Thắng,14068911010
14068911012,10.77727249433785,106.69748876476021,snap_poi,Ben Nghe Street Food,14068911012
14068911011,10.7776249,106.6978228,poi,Ben Nghe Street Food,14068911012
14068911014,10.775562034341887,106.6988092592827,snap_poi,Tượng Lý Tự Trọng Khám Lớn,14068911014
14068911013,10.7754931,106.6988863,poi,Tượng Lý Tự Trọng Khám Lớn,14068911014
14068911016,10.787636409418264,106.70459067558316,snap_poi,Bảo tàng Lịch sử Thành phố Hồ Chí Minh,14068911016
14068911015,10.787976580753764,106.70491281924129,poi,Bảo tàng Lịch sử Thành phố Hồ Chí Minh,14068911016
14068911018,10.779595190468743,106.69967786944615,snap_poi,Bưu điện Trung tâm Sài Gòn,14068911018
14068911017,10.779997734906178,106.70004342178451,poi,Bưu điện Trung tâm Sài Gòn,14068911018
14068911020,10.772841154043185,106.6984736776383,snap_poi,Chợ Bến Thành,14068911020
14068911019,10.77256580851337,106.69801468761693,poi,Chợ Bến Thành,14068911020
14068911022,10.776104662900673,106.694544576447,snap_poi,Dinh Độc Lập,14068911022
14068911021,10.776998333332466,106.69537172987332,poi,Dinh Độc Lập,14068911022
14068911024,10.786669194707425,106.70563548964343,snap_poi,Chuồng khỉ,14068911024
14068911023,10.78794239871953,106.7068411289893,poi,Chuồng khỉ,14068911024
14068911026,10.7763381727675,106.69755467596408,snap_poi,Trưng bày Từ Dinh Norodom đến Dinh Độc Lập,14068911026
14068911025,10.776584354834903,106.69728373420028,poi,Trưng bày Từ Dinh Norodom đến Dinh Độc Lập,14068911026
14068911028,10.786756837481015,106.70448492653635,snap_poi,Bảo tàng Chiến dịch Hồ Chí Minh,14068911028
14068911027,10.786982011342978,106.70424168411736,poi,Bảo tàng Chiến dịch Hồ Chí Minh,14068911028
14068911030,10.786902742917523,106.70538320805937,snap_poi,Tượng voi đồng,14068911030
14068911029,10.787438257435541,106.70589034469776,poi,Tượng voi đồng,14068911030
14068911032,10.773938383363019,106.70405730046221,snap_poi,chung cư 42 Nguyễn Huệ,14068911032
14068911031,10.774114254666781,106.70422411323442,poi,chung cư 42 Nguyễn Huệ,14068911032
14068911034,10.76833488865255,106.70328993705053,snap_poi,Cầu Mống,14068911034
14068911033,10.768116272010099,106.70367457666156,poi,Cầu Mống,14068911034
14068911036,10.776457677982366,106.70112117081949,snap_poi,Trụ sở Ủy ban nhân dân Thành phố Hồ Chí Minh,14068911036
14068911035,10.776595071913551,106.70095989694168,poi,Trụ sở Ủy ban nhân dân Thành phố Hồ Chí Minh,14068911036
14068911038,10.77702450415584,106.70320469449332,snap_poi,Nhà hát Thành phố,14068911038
14068911037,10.776702380180215,106.70321049854778,poi,Nhà hát Thành phố,14068911038
14068911040,10.779590831803565,106.69884934119801,snap_poi,Nhà thờ Đức Bà Sài Gòn,14068911040
14068911039,10.77978995401836,106.69903437583535,poi,Nhà thờ Đức Bà Sài Gòn,14068911040
14068911042,10.776182110454403,106.69936873654164,snap_poi,Bảo tàng Thành phố Hồ Chí Minh,14068911042
14068911041,10.775932693605514,106.69965446799652,poi,Bảo tàng Thành phố Hồ Chí Minh,14068911042
14068911044,10.769872874622363,106.69965207738059,snap_poi,Bảo tàng Mỹ thuật Thành phố Hồ Chí Minh,14068911044
14068911043,10.769653034153816,106.69927813785799,poi,Bảo tàng Mỹ thuật Thành phố Hồ Chí Minh,14068911044
14068911046,10.768785615046621,106.69694939581021,snap_poi,Biệt thự Nguyễn Văn Hảo,14068911046
14068911045,10.7686946919234,106.69685073823169,poi,Biệt thự Nguyễn Văn Hảo,14068911046
14068911047,10.77737150986416,106.70636819214243,poi,Bảo tàng Tôn Đức Thắng,411925958
14068911049,10.786713363181637,106.70558777832663,snap_poi,Vườn bướm,14068911049
14068911048,10.787630400000001,106.70645615000001,poi,Vườn bướm,14068911049
14068911051,10.787012103907815,106.70526507500303,snap_poi,Vườn hồng hạc,14068911051
14068911050,10.788045332770686,106.70624355115436,poi,Vườn hồng hạc,14068911051
